-- phpMyAdmin SQL Dump
-- version 5.0.1
-- https://www.phpmyadmin.net/
--
-- Servidor: 127.0.0.1
-- Tiempo de generación: 07-06-2020 a las 07:44:16
-- Versión del servidor: 8.0.20
-- Versión de PHP: 7.4.3

SET SQL_MODE = "NO_AUTO_VALUE_ON_ZERO";
SET AUTOCOMMIT = 0;
START TRANSACTION;
SET time_zone = "+00:00";


/*!40101 SET @OLD_CHARACTER_SET_CLIENT=@@CHARACTER_SET_CLIENT */;
/*!40101 SET @OLD_CHARACTER_SET_RESULTS=@@CHARACTER_SET_RESULTS */;
/*!40101 SET @OLD_COLLATION_CONNECTION=@@COLLATION_CONNECTION */;
/*!40101 SET NAMES utf8mb4 */;

--
-- Base de datos: `pos`
--

-- --------------------------------------------------------

--
-- Estructura de tabla para la tabla `categorias`
--

CREATE TABLE `categorias` (
  `id` int NOT NULL,
  `categoria` text CHARACTER SET utf8 COLLATE utf8_spanish_ci NOT NULL,
  `fecha` timestamp NOT NULL DEFAULT CURRENT_TIMESTAMP ON UPDATE CURRENT_TIMESTAMP
) ENGINE=InnoDB DEFAULT CHARSET=utf8 COLLATE=utf8_spanish_ci;

--
-- Volcado de datos para la tabla `categorias`
--

INSERT INTO `categorias` (`id`, `categoria`) VALUES
(1, 'Equipos Electromecánicos'),
(2, 'Taladros'),
(3, 'Andamios'),
(4, 'Generadores de energía'),
(5, 'Equipos para construcción'),
(6, 'Martillos mecánicos'),
(7, 'PIPAS DE GAS PROPANO GLP'),
(8, 'PIPAS DE GAS PROPANO GLP');

-- --------------------------------------------------------

--
-- Estructura de tabla para la tabla `clientes`
--

CREATE TABLE `clientes` (
  `id` int NOT NULL,
  `nombre` text CHARACTER SET utf8 COLLATE utf8_spanish_ci NOT NULL,
  `documento` int NOT NULL,
  `email` text CHARACTER SET utf8 COLLATE utf8_spanish_ci NOT NULL,
  `telefono` text CHARACTER SET utf8 COLLATE utf8_spanish_ci NOT NULL,
  `direccion` text CHARACTER SET utf8 COLLATE utf8_spanish_ci NOT NULL,
  `fecha_nacimiento` date NOT NULL,
  `compras` int NOT NULL DEFAULT '0',
  `ultima_compra` datetime NOT NULL DEFAULT CURRENT_TIMESTAMP ON UPDATE CURRENT_TIMESTAMP,
  `fecha` timestamp NOT NULL DEFAULT CURRENT_TIMESTAMP ON UPDATE CURRENT_TIMESTAMP
) ENGINE=InnoDB DEFAULT CHARSET=utf8 COLLATE=utf8_spanish_ci;

--
-- Volcado de datos para la tabla `clientes`
--

INSERT INTO `clientes` (`id`, `nombre`, `documento`, `email`, `telefono`, `direccion`, `fecha_nacimiento`, `compras`) VALUES
(3, 'Juan Villegas', 2147483647, 'juan@hotmail.com', '(300) 341-2345', 'Calle 23 # 45 - 56', '1980-11-02', 7),
(4, 'Pedro Pérez', 2147483647, 'pedro@gmail.com', '(399) 876-5432', 'Calle 34 N33 -56', '1970-08-07', 7),
(5, 'Miguel Murillo', 325235235, 'miguel@hotmail.com', '(254) 545-3446', 'calle 34 # 34 - 23', '1976-03-04', 32),
(6, 'Margarita Londoño', 34565432, 'margarita@hotmail.com', '(344) 345-6678', 'Calle 45 # 34 - 56', '1976-11-30', 14),
(7, 'Julian Ramirez', 786786545, 'julian@hotmail.com', '(675) 674-5453', 'Carrera 45 # 54 - 56', '1980-04-05', 14),
(8, 'Stella Jaramillo', 65756735, 'stella@gmail.com', '(435) 346-3463', 'Carrera 34 # 45- 56', '1956-06-05', 9),
(9, 'Eduardo López', 2147483647, 'eduardo@gmail.com', '(534) 634-6565', 'Carrera 67 # 45sur', '1978-03-04', 12),
(10, 'Ximena Restrepo', 436346346, 'ximena@gmail.com', '(543) 463-4634', 'calle 45 # 23 - 45', '1956-03-04', 18),
(11, 'David Guzman', 43634643, 'david@hotmail.com', '(354) 574-5634', 'carrera 45 # 45 ', '1967-05-04', 10),
(12, 'Gonzalo Pérez', 436346346, 'gonzalo@yahoo.com', '(235) 346-3464', 'Carrera 34 # 56 - 34', '1967-08-09', 24),
(13, 'Carlos Andres Cardona', 56265226, 'carlos@gmail.com', '(653) 232-6262', 'calle 35 no 45-25', '2000-01-05', 50);

-- --------------------------------------------------------

--
-- Estructura de tabla para la tabla `productos`
--

CREATE TABLE `productos` (
  `id` int NOT NULL,
  `id_categoria` int NOT NULL,
  `codigo` text CHARACTER SET utf8 COLLATE utf8_spanish_ci NOT NULL,
  `descripcion` text CHARACTER SET utf8 COLLATE utf8_spanish_ci NOT NULL,
  `imagen` text CHARACTER SET utf8 COLLATE utf8_spanish_ci NOT NULL,
  `stock` int NOT NULL,
  `precio_compra` float NOT NULL,
  `precio_venta` float NOT NULL,
  `ventas` int NOT NULL DEFAULT '0',
  `fecha` timestamp NOT NULL DEFAULT CURRENT_TIMESTAMP ON UPDATE CURRENT_TIMESTAMP
) ENGINE=InnoDB DEFAULT CHARSET=utf8 COLLATE=utf8_spanish_ci;

--
-- Volcado de datos para la tabla `productos`
--

INSERT INTO `productos` (`id`, `id_categoria`, `codigo`, `descripcion`, `imagen`, `stock`, `precio_compra`, `precio_venta`, `ventas`) VALUES
(1, 1, '101', 'Aspiradora Industrial ', 'vistas/img/productos/101/105.png', 13, 1000, 1200, 2),
(2, 1, '102', 'Plato Flotante para Allanadora', 'vistas/img/productos/102/940.jpg', 6, 4500, 6300, 3),
(3, 1, '103', 'Compresor de Aire para pintura', 'vistas/img/productos/103/763.jpg', 8, 3000, 4200, 12),
(4, 1, '104', 'Cortadora de Adobe sin Disco ', 'vistas/img/productos/104/957.jpg', 16, 4000, 5600, 4),
(5, 1, '105', 'Cortadora de Piso sin Disco ', 'vistas/img/productos/105/630.jpg', 13, 1540, 2156, 7),
(6, 1, '106', 'Disco Punta Diamante ', 'vistas/img/productos/106/635.jpg', 15, 1100, 1540, 5),
(7, 1, '107', 'Extractor de Aire ', 'vistas/img/productos/107/848.jpg', 12, 1540, 2156, 8),
(8, 1, '108', 'Guadañadora ', 'vistas/img/productos/108/163.jpg', 13, 1540, 2156, 7),
(9, 1, '109', 'Hidrolavadora Eléctrica ', 'vistas/img/productos/109/769.jpg', 15, 2600, 3640, 5),
(10, 1, '110', 'Hidrolavadora Gasolina', 'vistas/img/productos/110/582.jpg', 18, 2210, 3094, 2),
(11, 1, '111', 'Motobomba a Gasolina', 'vistas/img/productos/default/anonymous.png', 20, 2860, 4004, 0),
(12, 1, '112', 'Motobomba El?ctrica', 'vistas/img/productos/default/anonymous.png', 20, 2400, 3360, 0),
(13, 1, '113', 'Sierra Circular ', 'vistas/img/productos/default/anonymous.png', 20, 1100, 1540, 0),
(14, 1, '114', 'Disco de tugsteno para Sierra circular', 'vistas/img/productos/default/anonymous.png', 20, 4500, 6300, 0),
(15, 1, '115', 'Soldador Electrico ', 'vistas/img/productos/default/anonymous.png', 20, 1980, 2772, 0),
(16, 1, '116', 'Careta para Soldador', 'vistas/img/productos/default/anonymous.png', 20, 4200, 5880, 0),
(17, 1, '117', 'Torre de iluminacion ', 'vistas/img/productos/default/anonymous.png', 20, 1800, 2520, 0),
(18, 2, '201', 'Martillo Demoledor de Piso 110V', 'vistas/img/productos/default/anonymous.png', 20, 5600, 7840, 0),
(19, 2, '202', 'Muela o cincel martillo demoledor piso', 'vistas/img/productos/default/anonymous.png', 20, 9600, 13440, 0),
(20, 2, '203', 'Taladro Demoledor de muro 110V', 'vistas/img/productos/default/anonymous.png', 20, 3850, 5390, 0),
(21, 2, '204', 'Muela o cincel martillo demoledor muro', 'vistas/img/productos/default/anonymous.png', 20, 9600, 13440, 0),
(22, 2, '205', 'Taladro Percutor de 1/2 Madera y Metal', 'vistas/img/productos/default/anonymous.png', 20, 8000, 11200, 0),
(23, 2, '206', 'Taladro Percutor SDS Plus 110V', 'vistas/img/productos/default/anonymous.png', 20, 3900, 5460, 0),
(24, 2, '207', 'Taladro Percutor SDS Max 110V (Mineria)', 'vistas/img/productos/default/anonymous.png', 20, 4600, 6440, 0),
(25, 3, '301', 'Andamio colgante', 'vistas/img/productos/default/anonymous.png', 20, 1440, 2016, 0),
(26, 3, '302', 'Distanciador andamio colgante', 'vistas/img/productos/default/anonymous.png', 20, 1600, 2240, 0),
(27, 3, '303', 'Marco andamio modular ', 'vistas/img/productos/default/anonymous.png', 20, 900, 1260, 0),
(28, 3, '304', 'Marco andamio tijera', 'vistas/img/productos/default/anonymous.png', 20, 100, 140, 0),
(29, 3, '305', 'Tijera para andamio', 'vistas/img/productos/default/anonymous.png', 20, 162, 226, 0),
(30, 3, '306', 'Escalera interna para andamio', 'vistas/img/productos/default/anonymous.png', 20, 270, 378, 0),
(31, 3, '307', 'Pasamanos de seguridad', 'vistas/img/productos/default/anonymous.png', 20, 75, 105, 0),
(32, 3, '308', 'Rueda giratoria para andamio', 'vistas/img/productos/default/anonymous.png', 20, 168, 235, 0),
(33, 3, '309', 'Arnes de seguridad', 'vistas/img/productos/default/anonymous.png', 20, 1750, 2450, 0),
(34, 3, '310', 'Eslinga para arnes', 'vistas/img/productos/default/anonymous.png', 20, 175, 245, 0),
(35, 3, '311', 'Plataforma Met?lica', 'vistas/img/productos/default/anonymous.png', 20, 420, 588, 0),
(36, 4, '401', 'Planta Electrica Diesel 6 Kva', 'vistas/img/productos/default/anonymous.png', 20, 3500, 4900, 0),
(37, 4, '402', 'Planta Electrica Diesel 10 Kva', 'vistas/img/productos/default/anonymous.png', 20, 3550, 4970, 0),
(38, 4, '403', 'Planta Electrica Diesel 20 Kva', 'vistas/img/productos/default/anonymous.png', 20, 3600, 5040, 0),
(39, 4, '404', 'Planta Electrica Diesel 30 Kva', 'vistas/img/productos/default/anonymous.png', 20, 3650, 5110, 0),
(40, 4, '405', 'Planta Electrica Diesel 60 Kva', 'vistas/img/productos/default/anonymous.png', 20, 3700, 5180, 0),
(41, 4, '406', 'Planta Electrica Diesel 75 Kva', 'vistas/img/productos/default/anonymous.png', 20, 3750, 5250, 0),
(42, 4, '407', 'Planta Electrica Diesel 100 Kva', 'vistas/img/productos/default/anonymous.png', 20, 3800, 5320, 0),
(43, 4, '408', 'Planta Electrica Diesel 120 Kva', 'vistas/img/productos/default/anonymous.png', 20, 3850, 5390, 0),
(44, 5, '501', 'Escalera de Tijera Aluminio ', 'vistas/img/productos/default/anonymous.png', 20, 350, 490, 0),
(45, 5, '502', 'Extension Electrica ', 'vistas/img/productos/default/anonymous.png', 20, 370, 518, 0),
(46, 5, '503', 'Gato tensor', 'vistas/img/productos/default/anonymous.png', 20, 380, 532, 0),
(47, 5, '504', 'Lamina Cubre Brecha ', 'vistas/img/productos/default/anonymous.png', 20, 380, 532, 0),
(48, 5, '505', 'Llave de Tubo', 'vistas/img/productos/default/anonymous.png', 20, 480, 672, 0),
(49, 5, '506', 'Manila por Metro', 'vistas/img/productos/default/anonymous.png', 20, 600, 840, 0),
(50, 5, '507', 'Polea 2 canales', 'vistas/img/productos/default/anonymous.png', 20, 900, 1260, 0),
(51, 5, '508', 'Tensor', 'vistas/img/productos/508/500.jpg', 19, 100, 140, 1),
(52, 5, '509', 'Bascula ', 'vistas/img/productos/509/878.jpg', 12, 130, 182, 8),
(53, 5, '510', 'Bomba Hidrostatica', 'vistas/img/productos/510/870.jpg', 8, 770, 1078, 12),
(54, 5, '511', 'Chapeta', 'vistas/img/productos/511/239.jpg', 16, 660, 924, 4),
(55, 5, '512', 'Cilindro muestra de concreto', 'vistas/img/productos/512/266.jpg', 16, 400, 560, 4),
(56, 5, '513', 'Cizalla de Palanca', 'vistas/img/productos/513/445.jpg', 3, 450, 630, 17),
(57, 5, '514', 'Cizalla de Tijera', 'vistas/img/productos/514/249.jpg', 20, 580, 812, 13),
(58, 5, '515', 'Coche llanta neumatica', 'vistas/img/productos/515/174.jpg', 17, 420, 588, 3),
(59, 5, '516', 'Cono slump', 'vistas/img/productos/516/228.jpg', 15, 140, 196, 5),
(60, 5, '517', 'Cortadora de Baldosin', 'vistas/img/productos/517/746.jpg', 13, 930, 1302, 7),
(62, 7, 'CG-001', 'PIPA DE GAS X 25 LB', 'vistas/img/productos/CG-001/967.png', 50, 50000, 70000, 50);

-- --------------------------------------------------------

--
-- Estructura de tabla para la tabla `usuarios`
--

CREATE TABLE `usuarios` (
  `id` int NOT NULL,
  `nombre` text CHARACTER SET utf8 COLLATE utf8_spanish_ci NOT NULL,
  `usuario` text CHARACTER SET utf8 COLLATE utf8_spanish_ci NOT NULL,
  `password` text CHARACTER SET utf8 COLLATE utf8_spanish_ci NOT NULL,
  `perfil` text CHARACTER SET utf8 COLLATE utf8_spanish_ci NOT NULL,
  `foto` text CHARACTER SET utf8 COLLATE utf8_spanish_ci NOT NULL,
  `estado` int NOT NULL DEFAULT '1',
  `ultimo_login` datetime NOT NULL DEFAULT CURRENT_TIMESTAMP ON UPDATE CURRENT_TIMESTAMP,
  `fecha` timestamp NOT NULL DEFAULT CURRENT_TIMESTAMP ON UPDATE CURRENT_TIMESTAMP
) ENGINE=InnoDB DEFAULT CHARSET=utf8 COLLATE=utf8_spanish_ci;

--
-- Volcado de datos para la tabla `usuarios`
--

INSERT INTO `usuarios` (`id`, `nombre`, `usuario`, `password`, `perfil`, `foto`, `estado`) VALUES
(1, 'Administrador', 'admin', '$2a$07$asxx54ahjppf45sd87a5aunxs9bkpyGmGE/.vekdjFg83yRec789S', 'Administrador', 'vistas/img/usuarios/admin/191.jpg', 1),
(57, 'Juan Fernando Urrego', 'juan', '$2a$07$asxx54ahjppf45sd87a5auwRi.z6UsW7kVIpm0CUEuCpmsvT2sG6O', 'Vendedor', 'vistas/img/usuarios/juan/461.jpg', 1),
(58, 'Julio Gómez', 'julio', '$2a$07$asxx54ahjppf45sd87a5auQhldmFjGsrgUipGlmQgDAcqevQZSAAC', 'Especial', 'vistas/img/usuarios/julio/100.png', 1),
(59, 'Ana Gonzalez', 'ana', '$2a$07$asxx54ahjppf45sd87a5auLd2AxYsA/2BbmGKNk2kMChC3oj7V0Ca', 'Vendedor', 'vistas/img/usuarios/ana/260.png', 1),
(60, 'Edwin Parrales', 'eparrales', '$2a$07$asxx54ahjppf45sd87a5auP4.fVPb09JX7BJW1WmfCXO7u3CEltLO', 'Administrador', 'vistas/img/usuarios/eparrales/277.png', 1);

-- --------------------------------------------------------

--
-- Estructura de tabla para la tabla `ventas`
--

CREATE TABLE `ventas` (
  `id` int NOT NULL,
  `codigo` int NOT NULL,
  `id_cliente` int NOT NULL,
  `id_vendedor` int NOT NULL,
  `productos` text CHARACTER SET utf8 COLLATE utf8_spanish_ci NOT NULL,
  `impuesto` float NOT NULL,
  `neto` float NOT NULL,
  `total` float NOT NULL,
  `metodo_pago` text CHARACTER SET utf8 COLLATE utf8_spanish_ci NOT NULL,
  `fecha` timestamp NOT NULL DEFAULT CURRENT_TIMESTAMP ON UPDATE CURRENT_TIMESTAMP
) ENGINE=InnoDB DEFAULT CHARSET=utf8 COLLATE=utf8_spanish_ci;

--
-- Volcado de datos para la tabla `ventas`
--

INSERT INTO `ventas` (`id`, `codigo`, `id_cliente`, `id_vendedor`, `productos`, `impuesto`, `neto`, `total`, `metodo_pago`) VALUES
(17, 10001, 3, 1, '[{\"id\":\"1\",\"descripcion\":\"Aspiradora Industrial \",\"cantidad\":\"2\",\"stock\":\"13\",\"precio\":\"1200\",\"total\":\"2400\"},{\"id\":\"2\",\"descripcion\":\"Plato Flotante para Allanadora\",\"cantidad\":\"2\",\"stock\":\"7\",\"precio\":\"6300\",\"total\":\"12600\"},{\"id\":\"3\",\"descripcion\":\"Compresor de Aire para pintura\",\"cantidad\":\"1\",\"stock\":\"19\",\"precio\":\"4200\",\"total\":\"4200\"}]', 3648, 19200, 22848, 'Efectivo'),
(18, 10002, 4, 59, '[{\"id\":\"5\",\"descripcion\":\"Cortadora de Piso sin Disco \",\"cantidad\":\"2\",\"stock\":\"18\",\"precio\":\"2156\",\"total\":\"4312\"},{\"id\":\"4\",\"descripcion\":\"Cortadora de Adobe sin Disco \",\"cantidad\":\"1\",\"stock\":\"19\",\"precio\":\"5600\",\"total\":\"5600\"},{\"id\":\"6\",\"descripcion\":\"Disco Punta Diamante \",\"cantidad\":\"1\",\"stock\":\"19\",\"precio\":\"1540\",\"total\":\"1540\"},{\"id\":\"7\",\"descripcion\":\"Extractor de Aire \",\"cantidad\":\"1\",\"stock\":\"19\",\"precio\":\"2156\",\"total\":\"2156\"}]', 2585.52, 13608, 16193.5, 'TC-34346346346'),
(19, 10003, 5, 59, '[{\"id\":\"8\",\"descripcion\":\"Guadañadora \",\"cantidad\":\"1\",\"stock\":\"19\",\"precio\":\"2156\",\"total\":\"2156\"},{\"id\":\"9\",\"descripcion\":\"Hidrolavadora Eléctrica \",\"cantidad\":\"1\",\"stock\":\"19\",\"precio\":\"3640\",\"total\":\"3640\"},{\"id\":\"7\",\"descripcion\":\"Extractor de Aire \",\"cantidad\":\"1\",\"stock\":\"18\",\"precio\":\"2156\",\"total\":\"2156\"}]', 1510.88, 7952, 9462.88, 'Efectivo'),
(20, 10004, 5, 59, '[{\"id\":\"3\",\"descripcion\":\"Compresor de Aire para pintura\",\"cantidad\":\"5\",\"stock\":\"14\",\"precio\":\"4200\",\"total\":\"21000\"},{\"id\":\"4\",\"descripcion\":\"Cortadora de Adobe sin Disco \",\"cantidad\":\"1\",\"stock\":\"18\",\"precio\":\"5600\",\"total\":\"5600\"},{\"id\":\"5\",\"descripcion\":\"Cortadora de Piso sin Disco \",\"cantidad\":\"1\",\"stock\":\"17\",\"precio\":\"2156\",\"total\":\"2156\"}]', 5463.64, 28756, 34219.6, 'TD-454475467567'),
(21, 10005, 6, 57, '[{\"id\":\"4\",\"descripcion\":\"Cortadora de Adobe sin Disco \",\"cantidad\":\"1\",\"stock\":\"17\",\"precio\":\"5600\",\"total\":\"5600\"},{\"id\":\"5\",\"descripcion\":\"Cortadora de Piso sin Disco \",\"cantidad\":\"1\",\"stock\":\"16\",\"precio\":\"2156\",\"total\":\"2156\"},{\"id\":\"3\",\"descripcion\":\"Compresor de Aire para pintura\",\"cantidad\":\"5\",\"stock\":\"9\",\"precio\":\"4200\",\"total\":\"21000\"}]', 5463.64, 28756, 34219.6, 'TC-6756856867'),
(22, 10006, 10, 1, '[{\"id\":\"3\",\"descripcion\":\"Compresor de Aire para pintura\",\"cantidad\":\"1\",\"stock\":\"8\",\"precio\":\"4200\",\"total\":\"4200\"},{\"id\":\"4\",\"descripcion\":\"Cortadora de Adobe sin Disco \",\"cantidad\":\"1\",\"stock\":\"16\",\"precio\":\"5600\",\"total\":\"5600\"},{\"id\":\"5\",\"descripcion\":\"Cortadora de Piso sin Disco \",\"cantidad\":\"3\",\"stock\":\"13\",\"precio\":\"2156\",\"total\":\"6468\"},{\"id\":\"6\",\"descripcion\":\"Disco Punta Diamante \",\"cantidad\":\"1\",\"stock\":\"18\",\"precio\":\"1540\",\"total\":\"1540\"}]', 3383.52, 17808, 21191.5, 'Efectivo'),
(23, 10007, 9, 1, '[{\"id\":\"6\",\"descripcion\":\"Disco Punta Diamante \",\"cantidad\":\"1\",\"stock\":\"17\",\"precio\":\"1540\",\"total\":\"1540\"},{\"id\":\"7\",\"descripcion\":\"Extractor de Aire \",\"cantidad\":\"1\",\"stock\":\"17\",\"precio\":\"2156\",\"total\":\"2156\"},{\"id\":\"8\",\"descripcion\":\"Guadañadora \",\"cantidad\":\"6\",\"stock\":\"13\",\"precio\":\"2156\",\"total\":\"12936\"},{\"id\":\"9\",\"descripcion\":\"Hidrolavadora Eléctrica \",\"cantidad\":\"1\",\"stock\":\"18\",\"precio\":\"3640\",\"total\":\"3640\"}]', 3851.68, 20272, 24123.7, 'TC-357547467346'),
(24, 10008, 12, 1, '[{\"id\":\"2\",\"descripcion\":\"Plato Flotante para Allanadora\",\"cantidad\":\"1\",\"stock\":\"6\",\"precio\":\"6300\",\"total\":\"6300\"},{\"id\":\"7\",\"descripcion\":\"Extractor de Aire \",\"cantidad\":\"5\",\"stock\":\"12\",\"precio\":\"2156\",\"total\":\"10780\"},{\"id\":\"6\",\"descripcion\":\"Disco Punta Diamante \",\"cantidad\":\"1\",\"stock\":\"16\",\"precio\":\"1540\",\"total\":\"1540\"},{\"id\":\"9\",\"descripcion\":\"Hidrolavadora Eléctrica \",\"cantidad\":\"1\",\"stock\":\"17\",\"precio\":\"3640\",\"total\":\"3640\"}]', 4229.4, 22260, 26489.4, 'TD-35745575'),
(25, 10009, 11, 1, '[{\"id\":\"10\",\"descripcion\":\"Hidrolavadora Gasolina\",\"cantidad\":\"1\",\"stock\":\"19\",\"precio\":\"3094\",\"total\":\"3094\"},{\"id\":\"9\",\"descripcion\":\"Hidrolavadora Eléctrica \",\"cantidad\":\"1\",\"stock\":\"16\",\"precio\":\"3640\",\"total\":\"3640\"},{\"id\":\"6\",\"descripcion\":\"Disco Punta Diamante \",\"cantidad\":\"1\",\"stock\":\"15\",\"precio\":\"1540\",\"total\":\"1540\"}]', 1572.06, 8274, 9846.06, 'TD-5745745745'),
(26, 10010, 8, 1, '[{\"id\":\"9\",\"descripcion\":\"Hidrolavadora Eléctrica \",\"cantidad\":\"1\",\"stock\":\"15\",\"precio\":\"3640\",\"total\":\"3640\"},{\"id\":\"10\",\"descripcion\":\"Hidrolavadora Gasolina\",\"cantidad\":\"1\",\"stock\":\"18\",\"precio\":\"3094\",\"total\":\"3094\"}]', 1279.46, 6734, 8013.46, 'Efectivo'),
(27, 10011, 7, 1, '[{\"id\":\"60\",\"descripcion\":\"Cortadora de Baldosin\",\"cantidad\":\"1\",\"stock\":\"19\",\"precio\":\"1302\",\"total\":\"1302\"},{\"id\":\"59\",\"descripcion\":\"Cono slump\",\"cantidad\":\"1\",\"stock\":\"19\",\"precio\":\"196\",\"total\":\"196\"},{\"id\":\"58\",\"descripcion\":\"Coche llanta neumatica\",\"cantidad\":\"1\",\"stock\":\"19\",\"precio\":\"588\",\"total\":\"588\"},{\"id\":\"57\",\"descripcion\":\"Cizalla de Tijera\",\"cantidad\":\"1\",\"stock\":\"19\",\"precio\":\"812\",\"total\":\"812\"}]', 550.62, 2898, 3448.62, 'Efectivo'),
(28, 10012, 12, 57, '[{\"id\":\"59\",\"descripcion\":\"Cono slump\",\"cantidad\":\"1\",\"stock\":\"18\",\"precio\":\"196\",\"total\":\"196\"},{\"id\":\"58\",\"descripcion\":\"Coche llanta neumatica\",\"cantidad\":\"1\",\"stock\":\"18\",\"precio\":\"588\",\"total\":\"588\"},{\"id\":\"54\",\"descripcion\":\"Chapeta\",\"cantidad\":\"1\",\"stock\":\"19\",\"precio\":\"924\",\"total\":\"924\"},{\"id\":\"53\",\"descripcion\":\"Bomba Hidrostatica\",\"cantidad\":\"1\",\"stock\":\"19\",\"precio\":\"1078\",\"total\":\"1078\"}]', 529.34, 2786, 3315.34, 'TC-3545235235'),
(29, 10013, 11, 57, '[{\"id\":\"54\",\"descripcion\":\"Chapeta\",\"cantidad\":\"1\",\"stock\":\"18\",\"precio\":\"924\",\"total\":\"924\"},{\"id\":\"59\",\"descripcion\":\"Cono slump\",\"cantidad\":\"1\",\"stock\":\"17\",\"precio\":\"196\",\"total\":\"196\"},{\"id\":\"60\",\"descripcion\":\"Cortadora de Baldosin\",\"cantidad\":\"5\",\"stock\":\"14\",\"precio\":\"1302\",\"total\":\"6510\"}]', 1449.7, 7630, 9079.7, 'TC-425235235235'),
(30, 10014, 10, 57, '[{\"id\":\"59\",\"descripcion\":\"Cono slump\",\"cantidad\":\"1\",\"stock\":\"16\",\"precio\":\"196\",\"total\":\"196\"},{\"id\":\"54\",\"descripcion\":\"Chapeta\",\"cantidad\":\"1\",\"stock\":\"17\",\"precio\":\"924\",\"total\":\"924\"},{\"id\":\"53\",\"descripcion\":\"Bomba Hidrostatica\",\"cantidad\":\"10\",\"stock\":\"9\",\"precio\":\"1078\",\"total\":\"10780\"}]', 2261, 11900, 14161, 'Efectivo'),
(31, 10015, 9, 57, '[{\"id\":\"57\",\"descripcion\":\"Cizalla de Tijera\",\"cantidad\":\"3\",\"stock\":\"16\",\"precio\":\"812\",\"total\":\"2436\"}]', 462.84, 2436, 2898.84, 'Efectivo'),
(32, 10016, 8, 57, '[{\"id\":\"58\",\"descripcion\":\"Coche llanta neumatica\",\"cantidad\":\"1\",\"stock\":\"17\",\"precio\":\"588\",\"total\":\"588\"},{\"id\":\"57\",\"descripcion\":\"Cizalla de Tijera\",\"cantidad\":\"5\",\"stock\":\"11\",\"precio\":\"812\",\"total\":\"4060\"},{\"id\":\"56\",\"descripcion\":\"Cizalla de Palanca\",\"cantidad\":\"1\",\"stock\":\"19\",\"precio\":\"630\",\"total\":\"630\"}]', 1002.82, 5278, 6280.82, 'TD-4523523523'),
(33, 10017, 7, 57, '[{\"id\":\"57\",\"descripcion\":\"Cizalla de Tijera\",\"cantidad\":\"4\",\"stock\":\"7\",\"precio\":\"812\",\"total\":\"3248\"},{\"id\":\"52\",\"descripcion\":\"Bascula \",\"cantidad\":\"3\",\"stock\":\"17\",\"precio\":\"182\",\"total\":\"546\"},{\"id\":\"55\",\"descripcion\":\"Cilindro muestra de concreto\",\"cantidad\":\"2\",\"stock\":\"18\",\"precio\":\"560\",\"total\":\"1120\"},{\"id\":\"56\",\"descripcion\":\"Cizalla de Palanca\",\"cantidad\":\"1\",\"stock\":\"18\",\"precio\":\"630\",\"total\":\"630\"}]', 1053.36, 5544, 6597.36, 'Efectivo'),
(34, 10018, 6, 57, '[{\"id\":\"51\",\"descripcion\":\"Tensor\",\"cantidad\":\"1\",\"stock\":\"19\",\"precio\":\"140\",\"total\":\"140\"},{\"id\":\"52\",\"descripcion\":\"Bascula \",\"cantidad\":\"5\",\"stock\":\"12\",\"precio\":\"182\",\"total\":\"910\"},{\"id\":\"53\",\"descripcion\":\"Bomba Hidrostatica\",\"cantidad\":\"1\",\"stock\":\"8\",\"precio\":\"1078\",\"total\":\"1078\"}]', 404.32, 2128, 2532.32, 'Efectivo'),
(35, 10019, 5, 57, '[{\"id\":\"56\",\"descripcion\":\"Cizalla de Palanca\",\"cantidad\":\"15\",\"stock\":\"3\",\"precio\":\"630\",\"total\":\"9450\"},{\"id\":\"55\",\"descripcion\":\"Cilindro muestra de concreto\",\"cantidad\":\"1\",\"stock\":\"17\",\"precio\":\"560\",\"total\":\"560\"}]', 1901.9, 10010, 11911.9, 'Efectivo'),
(36, 10020, 4, 57, '[{\"id\":\"55\",\"descripcion\":\"Cilindro muestra de concreto\",\"cantidad\":\"1\",\"stock\":\"16\",\"precio\":\"560\",\"total\":\"560\"},{\"id\":\"54\",\"descripcion\":\"Chapeta\",\"cantidad\":\"1\",\"stock\":\"16\",\"precio\":\"924\",\"total\":\"924\"}]', 281.96, 1484, 1765.96, 'TC-46346346346'),
(37, 10021, 3, 1, '[{\"id\":\"60\",\"descripcion\":\"Cortadora de Baldosin\",\"cantidad\":\"1\",\"stock\":\"13\",\"precio\":\"1302\",\"total\":\"1302\"},{\"id\":\"59\",\"descripcion\":\"Cono slump\",\"cantidad\":\"1\",\"stock\":\"15\",\"precio\":\"196\",\"total\":\"196\"}]', 149.8, 1498, 1647.8, 'Efectivo'),
(38, 10022, 13, 1, '[{\"id\":\"62\",\"descripcion\":\"PIPA DE GAS X 25 LB\",\"cantidad\":\"50\",\"stock\":\"50\",\"precio\":\"70000\",\"total\":\"3500000\"}]', 0, 3500000, 3500000, 'Efectivo');

--
-- Índices para tablas volcadas
--

--
-- Indices de la tabla `categorias`
--
ALTER TABLE `categorias`
  ADD PRIMARY KEY (`id`);

--
-- Indices de la tabla `clientes`
--
ALTER TABLE `clientes`
  ADD PRIMARY KEY (`id`);

--
-- Indices de la tabla `productos`
--
ALTER TABLE `productos`
  ADD PRIMARY KEY (`id`);

--
-- Indices de la tabla `usuarios`
--
ALTER TABLE `usuarios`
  ADD PRIMARY KEY (`id`);

--
-- Indices de la tabla `ventas`
--
ALTER TABLE `ventas`
  ADD PRIMARY KEY (`id`);

--
-- AUTO_INCREMENT de las tablas volcadas
--

--
-- AUTO_INCREMENT de la tabla `categorias`
--
ALTER TABLE `categorias`
  MODIFY `id` int NOT NULL AUTO_INCREMENT, AUTO_INCREMENT=9;

--
-- AUTO_INCREMENT de la tabla `clientes`
--
ALTER TABLE `clientes`
  MODIFY `id` int NOT NULL AUTO_INCREMENT, AUTO_INCREMENT=14;

--
-- AUTO_INCREMENT de la tabla `productos`
--
ALTER TABLE `productos`
  MODIFY `id` int NOT NULL AUTO_INCREMENT, AUTO_INCREMENT=63;

--
-- AUTO_INCREMENT de la tabla `usuarios`
--
ALTER TABLE `usuarios`
  MODIFY `id` int NOT NULL AUTO_INCREMENT, AUTO_INCREMENT=61;

--
-- AUTO_INCREMENT de la tabla `ventas`
--
ALTER TABLE `ventas`
  MODIFY `id` int NOT NULL AUTO_INCREMENT, AUTO_INCREMENT=39;
COMMIT;

/*!40101 SET CHARACTER_SET_CLIENT=@OLD_CHARACTER_SET_CLIENT */;
/*!40101 SET CHARACTER_SET_RESULTS=@OLD_CHARACTER_SET_RESULTS */;
/*!40101 SET COLLATION_CONNECTION=@OLD_COLLATION_CONNECTION */;
